KAM,ACCX_F4,ACCY_F4,ACCZ_F4,GYRX_F4,GYRY_F4,GYRZ_F4,ACCX_ED,ACCY_ED,ACCZ_ED,GYRX_ED,GYRY_ED,GYRZ_ED,ACCX_C0,ACCY_C0,ACCZ_C0,GYRX_C0,GYRY_C0,GYRZ_C0,ACCX_46,ACCY_46,ACCZ_46,GYRX_46,GYRY_46,GYRZ_46,LFET_RECTUS_FEM,LEFT_VLO,LEFT_VMO,RIGHT_RECTUS_FEM,RIGHT_VLO,RIGHT_VMO
-0.00432032,0.794,-0.155,1.317,157.104,203.369,-87.036,0.012,0.332,0.96,55.786,7.813,21.301,-0.101,-0.016,1.06,110.962,15.503,2.625,0.013,0.105,1.067,100.159,40.283,-13.428,0.474801974,-0.013052166,-0.125311017,0.224310797,-0.591357906,-0.006341267
-0.017906599,0.312,-0.392,1.079,-136.169,103.455,-69.763,0.214,0.504,0.725,38.574,18.494,25.33,0.078,-0.063,1.085,136.169,5.249,4.578,-0.015,0.069,1.036,88.44,48.828,-18.738,0.111796027,0.00167845,0.036039623,0.15675111,-0.465623198,-5.16E-05
-0.035434839,-0.041,-1.358,2.3,119.263,146.79,-23.926,0.072,0.795,0.658,36.56,25.757,21.851,0.005,0.029,1.028,178.406,13.245,7.446,0.013,0.105,1.067,100.159,40.283,-13.428,-0.050397824,-0.027782744,-0.082850147,-1,0.40404845,-0.010833853
-0.041238643,0.045,-0.746,2.17,161.621,114.685,27.588,-0.084,1.04,0.714,11.597,57.19,11.963,-0.22,-0.076,1.029,227.966,4.211,23.01,0.162,-0.054,1.296,141.785,2.625,-12.695,-0.089015311,-0.027782744,-0.54991722,-0.317813448,-0.182718215,-0.01532644
-0.039807238,-0.383,0.014,1.456,83.923,164.917,35.217,-0.263,0.882,1.09,2.93,45.837,-3.662,0.005,0.029,1.028,178.406,13.245,7.446,0.279,0.365,1.167,165.405,13.733,-11.658,0.119519423,0.016409037,0.120960808,0.341304113,0.278313398,-0.033296729
-0.051692097,-0.57,-0.041,0.696,96.191,117.432,20.691,-0.263,0.61,1.438,11.658,59.448,-12.817,-0.22,-0.076,1.029,227.966,4.211,23.01,0.162,-0.054,1.296,141.785,2.625,-12.695,-0.119909401,0.00167845,0.647472766,0.338008466,-0.277020105,0.012527616
-0.061906429,-0.435,-0.263,0.533,107.849,9.094,12.695,-0.492,0.569,1.469,36.987,66.162,-4.883,-0.35,-0.034,1.082,276.917,-13.062,51.086,0.279,0.365,1.167,165.405,13.733,-11.658,0.19675465,0.060600722,-0.498963507,-0.110191454,0.163055495,0.008035029
-0.070110455,-0.581,-0.525,1,158.264,83.435,-24.841,-0.647,0.733,1.278,60.669,85.205,-1.16,-0.106,0.042,0.999,357.544,-31.128,91.187,0.501,0.686,1.203,138.123,22.827,-9.827,-0.135356194,0.090061974,0.248342864,-0.161272906,-0.151284023,0.034091926
-0.067803503,-0.439,-0.391,1.159,181.03,45.776,-39.612,-0.265,0.825,1.114,44.189,37.109,3.845,-0.35,-0.034,1.082,276.917,-13.062,51.086,0.313,0.48,1.34,103.21,37.354,-18.433,-0.621938504,-0.101435922,-0.023405345,-0.059110002,0.676477657,0.002643916
-0.050615766,-0.233,-0.106,1.228,208.313,51.025,-45.898,-0.109,0.803,1.107,25.635,12.512,1.831,-0.106,0.042,0.999,357.544,-31.128,91.187,0.501,0.686,1.203,138.123,22.827,-9.827,0.003666835,0.13425361,0.180405693,0.011745386,0.142099481,0.027802446
-0.028537068,-0.044,0.558,1.285,178.772,33.936,-31.494,0.017,0.746,1.121,12.512,22.522,-2.075,-0.181,0.363,0.972,444.214,5.676,112.976,0.313,0.48,1.34,103.21,37.354,-18.433,0.258542326,-0.145627558,-0.091342432,0.240788493,0.320225425,-5.16E-05
-0.010514146,0.27,1.05,1.277,117.615,12.878,-8.667,0.041,0.603,1.215,16.663,34.546,-1.953,0.016,1.213,0.905,388.794,2.258,106.384,-0.208,0.368,1.135,69.214,89.294,-24.353,-0.019503682,-0.204550062,0.095484508,0.483014243,-0.51801409,0.010730575
0.014542243,0.297,1.12,1.247,66.467,32.471,-20.691,-0.012,0.711,1.168,31.25,65.857,1.709,-0.181,0.363,0.972,444.214,5.676,112.976,-0.477,0.249,0.683,47.546,92.346,-21.851,-0.104462356,-0.160357943,-0.269677087,-0.021210492,0.152577659,-0.039586474
0.028850339,0.127,0.59,1.148,51.453,27.161,-9.827,0.065,0.879,1.107,31.738,69.153,8.85,0.016,1.213,0.905,388.794,2.258,106.384,-0.208,0.368,1.135,69.214,89.294,-24.353,0.19675465,0.031139663,0.146437386,-0.116782749,0.110665632,-0.046774459
0.032841298,-0.186,0.175,1.108,65.491,37.72,-12.573,-0.006,0.825,1.119,35.278,68.481,12.512,-0.215,1.179,0.573,325.745,19.043,112.427,-0.477,0.249,0.683,47.546,92.346,-21.851,-0.197144376,-0.07197467,-0.380074294,0.000210812,0.309747247,-0.115960479
0.045941058,-0.374,0.109,1.117,44.434,25.391,-12.634,-0.121,0.607,1.099,44.128,72.083,11.108,0.032,0.675,0.746,296.875,-1.77,120.178,-0.437,0.105,0.148,37.842,48.035,-14.282,-0.173973934,0.178445729,0.239850578,0.133682119,0.184011508,-0.004544226
0.06078795,-0.305,0.006,1.1,24.963,15.198,-9.216,-0.317,0.353,1.118,60.425,66.406,8.057,-0.215,1.179,0.573,325.745,19.043,112.427,-0.102,-0.015,0.082,25.146,-6.409,-1.648,-0.27437935,-0.013052166,0.188897978,-0.194228838,0.194489343,0.047569951
0.083022949,-0.007,-0.106,1.035,39.063,-5.432,-0.671,-0.307,0.269,1.039,74.768,49.011,7.324,0.032,0.675,0.746,296.875,-1.77,120.178,-0.437,0.105,0.148,37.842,48.035,-14.282,1,0.016409037,0.205882271,0.054588206,-0.392279381,0.159884768
0.108636785,0.203,-0.032,1.013,31.86,1.892,-1.709,-0.129,0.309,0.994,64.514,19.348,17.761,0.078,0.631,0.831,304.749,36.316,133.972,-0.102,-0.015,0.082,25.146,-6.409,-1.648,0.165860559,0.075331589,-0.150787317,0.112260952,-0.664705155,0.146406743
0.130392942,0.201,-0.001,1.015,26.184,15.503,-5.737,-0.016,0.333,1.054,50.964,6.897,27.1,-0.061,0.366,0.563,262.207,37.598,136.902,0.029,-0.125,0.172,9.46,-10.437,-0.793,0.575206883,-0.204550062,0.120960808,-0.095361042,-0.497057733,0.076322483
0.148984305,0.032,-0.018,1.017,35.217,24.902,-7.813,0.05,0.405,1.035,59.509,15.137,37.598,0.078,0.631,0.831,304.749,36.316,133.972,-0.105,-0.171,0.278,-12.756,21.24,-2.686,-0.166250285,-0.160357943,-0.159279324,-0.118430572,-0.371323025,-0.046774459
0.160025296,-0.15,0.082,1.154,47.424,32.471,5.066,0.175,0.452,1.02,48.462,1.099,43.701,-0.061,0.366,0.563,262.207,37.598,136.902,0.029,-0.125,0.172,9.46,-10.437,-0.793,-0.297550297,0.016409037,0.188897978,0.00680197,0.969859787,-0.116859014
0.174185554,-0.072,0.268,0.99,-42.664,13.367,-11.353,0.093,0.429,1.076,62.988,6.714,34.485,-0.735,1.338,0.984,456.97,107.788,162.537,-0.105,-0.171,0.278,-12.756,21.24,-2.686,0.304884221,-0.189819195,-0.227216495,-0.016267129,0.634564943,-0.120453154
0.200728592,0.02,-0.054,1.066,40.405,17.578,-0.366,0.074,0.472,1.097,55.115,21.301,30.151,-0.734,0.762,1.009,-135.925,57.678,-0.61,-0.276,-0.321,0.152,-36.926,33.142,0.793,0.397565481,0.060600722,0.086992223,-0.161272906,0.372613914,-0.05755688
0.226699781,0.041,0.126,1.025,6.47,13.367,-6.104,0.105,0.48,1.054,60.242,18.127,32.043,-0.735,1.338,0.984,456.97,107.788,162.537,-0.135,-0.388,0.223,-52.979,12.207,5.249,0.050007845,-0.101435922,-0.159279324,0.441819193,0.707912192,-5.16E-05
0.244940954,-0.009,0.118,1.02,-3.54,22.522,-6.47,0.067,0.513,1.044,56.274,16.663,33.264,-0.734,0.762,1.009,-135.925,57.678,-0.61,-0.276,-0.321,0.152,-36.926,33.142,0.793,-0.552425661,0.045870241,-0.889603072,-0.008028173,-0.800918042,0.022411324
0.261444655,0.031,0.044,1.002,3.54,10.742,-5.737,0.107,0.533,0.972,59.57,10.925,33.447,-0.331,1.127,0.68,-252.93,-8.667,-53.772,-0.135,-0.388,0.223,-52.979,12.207,5.249,-0.282102999,0.193176114,-0.991507715,-0.060757286,-0.738052405,-0.018920521
0.28126438,0.078,0.004,1.027,6.897,14.526,-4.333,0.192,0.534,0.931,54.016,-7.935,34.241,-0.182,0.563,0.551,-332.031,-36.804,-76.599,-0.144,-0.411,0.204,-68.176,4.883,0.732,-0.436573453,0.060600722,0.358740626,0.107317481,-0.559926804,-0.016224975
0.291050367,0.022,0.041,1.015,3.052,15.625,-6.104,0.222,0.497,0.929,51.453,-12.085,32.898,-0.331,1.127,0.68,-252.93,-8.667,-53.772,-0.148,-0.5,0.247,-84.961,-1.16,-6.836,-0.444297102,-0.07197467,0.112468801,-0.011323766,-0.046504298,-0.031499658
0.291194967,0.068,0.031,1.007,3.296,12.512,-2.991,0.221,0.485,0.923,53.284,-7.629,30.273,-0.182,0.563,0.551,-332.031,-36.804,-76.599,-0.144,-0.411,0.204,-68.176,4.883,0.732,0.598377831,-0.027782744,0.214374278,0.001858607,-0.402754127,0.008933534
0.295625022,0.042,0.046,1.022,5.676,13,-5.005,0.223,0.476,0.891,52.246,-9.399,28.442,0.124,0.252,0.491,-363.037,-41.016,-81.665,-0.148,-0.5,0.247,-84.961,-1.16,-6.836,0.281713273,-0.248741698,-0.278169373,0.038110078,0.005885701,0.035888996
0.2912273,-0.007,0.049,1.01,-1.709,18.066,-6.958,0.146,0.453,0.847,52.307,-7.629,24.78,0.421,-0.159,0.278,-403.259,-2.136,-105.591,-0.08,-0.53,0.343,-104.004,-13.611,-8.911,0.258542326,-0.013052166,0.112468801,0.000210812,0.278313398,0.072728343
0.278517969,-0.001,0.007,1.016,6.287,14.099,-5.859,0.15,0.46,0.782,50.232,-0.427,21.301,0.124,0.252,0.491,-363.037,-41.016,-81.665,-0.111,-0.532,0.445,-121.277,-8.301,-10.559,-0.815024674,-0.086705054,-0.16777161,-0.0525186,0.865081436,0.056555007
0.27317255,-0.049,0.042,1.021,4.272,17.517,-7.629,0.192,0.442,0.732,45.593,-9.705,18.25,0.421,-0.159,0.278,-403.259,-2.136,-105.591,-0.08,-0.53,0.343,-104.004,-13.611,-8.911,0.281713273,0.119523226,0.146437386,-0.014619305,0.519308413,-0.00364572
0.263087839,-0.06,0.049,0.993,-1.221,15.564,-7.263,0.152,0.446,0.711,45.105,0.549,13.367,0.224,-0.503,0.391,-294.922,76.904,-104.492,-0.111,-0.532,0.445,-121.277,-8.301,-10.559,-0.984942427,0.075331589,0.036039623,-0.045927414,0.435482985,-5.16E-05
0.258417627,-0.043,0.009,0.992,4.517,9.827,-5.432,0.186,0.451,0.67,43.823,3.174,11.414,-0.092,-0.181,0.443,-245.483,103.882,-107.91,-0.13,-0.59,0.441,-143.188,-4.456,-11.536,-0.042674174,0.414135261,0.171913686,-0.008028173,-0.088416326,-0.088106482
0.256968452,-0.039,0.014,0.996,3.54,10.742,-5.554,0.135,0.456,0.649,42.542,6.958,8.789,0.224,-0.503,0.391,-294.922,76.904,-104.492,-0.14,-0.675,0.471,-161.255,-9.766,-12.817,0.181307605,0.060600722,-0.320631078,-0.054166532,-0.256064091,0.017918737
0.258550771,-0.042,0.02,0.988,3.052,9.399,-5.249,0.113,0.456,0.655,39.795,13.123,6.897,-0.092,-0.181,0.443,-245.483,103.882,-107.91,-0.13,-0.59,0.441,-143.188,-4.456,-11.536,0.467078325,0.281559869,-0.040389554,0.018336519,-0.444666841,0.008933534
0.255969216,-0.028,0.008,0.984,5.92,6.47,-3.601,0.099,0.447,0.648,38.757,10.315,7.263,-0.192,0.252,0.592,-241.699,73.914,-105.286,-0.14,-0.675,0.471,-161.255,-9.766,-12.817,-0.228038466,0.00167845,-0.07435814,0.000210812,0.40404845,-0.083613807
0.256628629,-0.032,0.03,0.984,1.831,8.24,-3.845,0.071,0.447,0.658,36.316,6.47,8.057,0.063,0.398,0.713,-283.081,20.447,-117.676,-0.15,-0.749,0.481,-177.246,-16.418,-13.855,-0.073568265,0.369943142,0.078500216,0.061178961,-0.13032801,-0.323519714
0.250797403,-0.041,0.024,0.981,3.967,6.958,-3.052,0.043,0.455,0.685,33.325,0.793,8.667,-0.192,0.252,0.592,-241.699,73.914,-105.286,-0.133,-0.782,0.505,-192.2,-16.052,-10.62,0.304884221,-0.337125454,-0.065866132,0.005154195,0.550739515,0.063743287
0.24594758,-0.032,0.033,0.977,1.465,6.042,-2.991,0.072,0.471,0.705,31.616,-9.766,8.911,0.063,0.398,0.713,-283.081,20.447,-117.676,-0.15,-0.749,0.481,-177.246,-16.418,-13.855,0.235372137,-0.057243803,0.401202054,0.077657197,0.33070326,-0.030601123
0.243866722,-0.057,0.028,0.991,1.038,8.362,-3.54,0.128,0.457,0.72,28.198,-18.616,9.46,0.395,0.48,0.881,-295.532,18.433,-141.052,-0.133,-0.782,0.505,-192.2,-16.052,-10.62,-0.482915349,0.045870241,-0.337612866,-0.024506085,0.445961163,-0.586782821
0.243797017,-0.054,0.013,0.988,2.136,5.798,-3.357,0.118,0.44,0.754,28.32,-19.775,7.507,0.259,0.459,0.97,-287.048,58.96,-155.945,-0.159,-0.713,0.567,-196.289,-2.197,0.427,0.389841832,0.016409037,0.316279199,0.036462254,-0.371323025,0.380920557
0.243258949,-0.043,0.008,0.991,2.441,6.165,-2.991,0.143,0.441,0.77,27.588,-15.93,5.432,0.395,0.48,0.881,-295.532,18.433,-141.052,-0.211,-0.602,0.621,-199.829,26.672,6.958,-0.390231558,-0.410778342,-0.414043435,-0.009675942,0.529786591,-0.034195264
0.241637137,-0.034,0.013,0.99,3.296,5.127,-2.93,0.153,0.461,0.792,27.71,-17.334,3.784,0.259,0.459,0.97,-287.048,58.96,-155.945,-0.159,-0.713,0.567,-196.289,-2.197,0.427,0.219925092,0.016409037,0.273819163,0.008449793,-0.507535911,0.09878527
0.237834158,-0.047,0.021,0.985,1.221,7.141,-3.174,0.135,0.486,0.835,27.1,-10.071,1.953,-0.031,0.765,0.974,-264.221,71.96,-145.142,-0.211,-0.602,0.621,-199.829,26.672,6.958,-0.683725168,-0.4844293,-0.388566579,-0.073939875,-0.19319605,-0.06384633
0.236264589,-0.04,0.013,0.977,2.014,4.028,-2.502,0.128,0.485,0.869,28.992,-7.019,1.221,-0.017,1.133,0.933,-271.912,31.982,-136.963,-0.298,-0.43,0.66,-205.2,40.955,5.981,0.830082247,0.296290254,-0.031897547,-0.004732569,-0.360844846,-0.06384633
0.233470735,-0.041,-0.001,0.979,-0.244,4.7,-2.014,0.107,0.453,0.891,30.212,-2.136,0.61,-0.031,0.765,0.974,-264.221,71.96,-145.142,-0.122,-0.347,0.745,-212.341,17.456,12.939,0.266265975,-0.322394586,-0.422535721,-0.047575183,0.047797591,0.095191424
0.231110635,-0.044,-0.012,0.993,3.479,4.456,-1.465,0.051,0.454,0.898,32.166,4.944,-1.648,-0.017,1.133,0.933,-271.912,31.982,-136.963,-0.298,-0.43,0.66,-205.2,40.955,5.981,0.019113855,0.252098618,0.103976515,0.046349034,-0.025548285,-0.049470065
0.234037131,-0.046,0.003,0.989,1.77,4.089,-1.648,0.046,0.485,0.903,33.142,9.705,-2.319,0.382,1.313,0.95,-277.771,1.953,-134.583,-0.122,-0.347,0.745,-212.341,17.456,12.939,-0.212591421,-0.101435922,-0.235708502,-0.006380349,0.089709619,0.632504475
0.241114765,-0.054,0.006,0.985,2.258,3.601,-1.038,0.034,0.49,0.912,34.18,4.272,-0.61,0.422,1.213,0.934,-275.513,38.147,-132.446,-0.051,-0.247,0.916,-205.566,13.306,36.56,0.621546248,0.222637366,0.554060409,0.087543598,0.037319756,-0.072831681
0.239017745,-0.059,0.007,0.977,1.343,2.808,-0.366,-0.043,0.481,0.922,35.156,7.69,-0.854,0.382,1.313,0.95,-277.771,1.953,-134.583,0.043,-0.059,0.994,-191.956,20.752,52.795,-0.328444894,0.178445729,-0.244200787,0.010097563,0.278313398,-0.194131554
0.238477574,-0.051,0.002,0.972,1.709,0.977,0.671,-0.018,0.447,0.926,36.438,4.15,0.061,0.422,1.213,0.934,-275.513,38.147,-132.446,-0.051,-0.247,0.916,-205.566,13.306,36.56,0.181307605,0.664554213,0.256834871,0.061178961,-0.03602612,0.405179825
0.239886038,-0.044,-0.012,0.971,-0.61,0,1.709,0.028,0.449,0.931,36.682,-4.333,2.197,0.07,1.127,0.783,-270.63,77.454,-116.272,0.043,-0.059,0.994,-191.956,20.752,52.795,0.173583955,-0.602276238,-0.448012577,-0.039336227,-0.245585913,-0.05216567
0.243723061,-0.029,-0.038,0.996,5.798,-1.16,3.418,0.049,0.461,0.889,35.645,-6.897,3.418,-0.104,0.897,0.566,-244.629,56.641,-80.139,0.326,0.028,1.052,-201.233,23.315,42.786,-0.189420979,0.414135261,0.002071044,0.001858607,-0.497057733,-0.197725694
0.249869038,-0.035,-0.007,0.999,4.7,0.122,3.357,0.032,0.532,0.909,35.217,-0.488,2.991,0.07,1.127,0.783,-270.63,77.454,-116.272,0.301,-0.254,1.114,-186.401,41.321,24.841,-0.143079843,-0.322394586,-0.515948078,-0.08547464,-0.444666841,0.471672005
0.252124707,-0.033,-0.005,0.994,5.493,-0.427,3.784,0.053,0.539,0.91,36.987,-4.395,5.554,-0.104,0.897,0.566,-244.629,56.641,-80.139,0.326,0.028,1.052,-201.233,23.315,42.786,0.080901936,0.414135261,0.282310057,-0.095361042,-0.015070278,0.033193686
0.267517338,-0.021,-0.004,0.995,7.813,-0.549,4.639,-0.059,0.521,0.942,40.71,0,7.507,0.597,0.846,0.479,-205.688,23.987,-63.049,0.301,-0.254,1.114,-186.401,41.321,24.841,-0.05812122,-0.558083636,-0.312138793,-0.136556092,0.529786591,0.015223191
0.26490571,-0.03,0.002,0.994,7.507,1.282,4.395,-0.001,0.506,0.958,41.809,-0.732,9.399,0.376,0.887,0.209,-163.818,94.177,-51.514,0.105,-0.13,1.53,-127.502,52.979,21.179,0.281713273,0.428865646,0.435168413,-0.024506085,0.309747247,0.019715778
0.27152727,-0.031,0.007,0.987,8.484,1.709,4.883,0.04,0.486,1.001,42.053,-15.686,12.512,0.597,0.846,0.479,-205.688,23.987,-63.049,0.108,0,1.698,-90.637,32.898,11.292,0.104072378,-0.513891034,-0.269677087,0.059531137,0.571695872,0.037686066
0.278022811,-0.016,0.019,0.98,8.301,0.977,5.432,0.031,0.485,1.037,43.762,-13.184,13.306,0.376,0.887,0.209,-163.818,94.177,-51.514,0.105,-0.13,1.53,-127.502,52.979,21.179,0.497970391,0.458326898,0.290802343,0.090839245,-0.339887802,0.029599545
0.287640858,-0.011,0.032,0.984,6.104,2.93,4.456,0.068,0.48,1.03,43.579,-15.503,13.733,0.188,0.704,-0.101,-100.464,92.712,-29.175,0.108,0,1.698,-90.637,32.898,11.292,-0.251208908,-0.955812225,-0.346105152,0.153455462,0.299269411,-0.178856753
0.297375327,-0.019,0.021,0.992,6.531,3.723,3.845,0.068,0.469,1.022,41.26,-15.93,13.916,0.115,0.847,-0.165,-34.546,23.987,-12.573,0.035,0.021,1.814,-60.364,23.071,2.686,0.019113855,0.414135261,0.375725197,0.108965305,-0.759008762,0.134726082
0.296293402,-0.037,0.012,0.995,6.958,5.066,3.54,0.038,0.457,1.004,43.579,-10.254,12.39,0.188,0.704,-0.101,-100.464,92.712,-29.175,-0.012,0.088,1.868,-28.748,15.442,-4.7,0.150413514,-1,-0.397058864,0.090839245,-0.067460312,-0.035992334
0.312367165,-0.043,0.016,0.991,8.606,3.479,3.418,0.067,0.453,0.981,43.823,-12.756,13.428,0.115,0.847,-0.165,-34.546,23.987,-12.573,0.035,0.021,1.814,-60.364,23.071,2.686,-0.096738707,0.531981234,0.214374278,-0.008028173,-0.779961685,-0.111467803
0.321260445,-0.036,0.021,0.986,8.911,3.906,3.601,0.04,0.47,0.99,44.067,-15.137,14.343,0.155,0.64,-0.024,1.77,-37.17,23.499,-0.012,0.088,1.868,-28.748,15.442,-4.7,-0.2666557,-0.852696154,-0.566901791,-0.031097271,0.372613914,-0.012630894
0.325897287,-0.033,0.034,0.979,8.972,3.235,3.601,0.018,0.479,1.028,45.837,-14.099,14.648,0.554,-1.047,1.063,-147.583,73.425,109.863,0.032,-0.269,1.673,-4.456,14.099,-8.118,-0.436573453,0.635092478,0.120960808,-0.087122464,-0.015070278,-0.02880423
0.337048479,-0.017,0.043,0.964,5.92,4.211,3.113,0.08,0.471,1.103,45.593,-20.203,16.113,0.155,0.64,-0.024,1.77,-37.17,23.499,-0.108,-0.347,1.216,47.546,-26.306,-17.883,-0.583320258,-0.646468839,-0.303646507,-0.055814355,0.425004807,-0.135727955
0.339491837,0.026,0.02,0.958,4.456,0.732,3.845,0.104,0.432,1.146,46.936,-25.391,17.944,0.554,-1.047,1.063,-147.583,73.425,109.863,0.032,-0.269,1.673,-4.456,14.099,-8.118,0.629269898,0.635092478,0.443660698,-0.082178993,-0.203673886,-0.004544226
0.337424583,0.03,-0.014,0.992,7.507,3.174,3.723,0.104,0.419,1.079,49.011,-22.278,17.029,0.083,-1.128,1.965,135.193,-34.607,161.621,-0.108,-0.347,1.216,47.546,-26.306,-17.883,0.50569404,-0.189819195,-0.397058864,0.003506398,0.886037793,0.053859402
0.336037339,0,-0.019,1.014,11.78,7.568,3.235,0.098,0.453,1,48.645,-20.569,16.113,-0.076,-1.187,0.95,48.462,-121.033,54.26,-0.01,0.238,0.826,48.035,-34.424,-11.169,-0.235761863,0.782401151,0.367232912,-0.049223007,0.068753605,1
0.339771146,0.005,-0.018,1.027,14.893,4.15,3.357,-0.004,0.477,0.937,52.185,-15.259,15.991,0.083,-1.128,1.965,135.193,-34.607,161.621,0.097,0.324,1.339,17.7,-17.334,2.808,-0.374784259,-0.690661441,-0.057373847,0.038110078,0.215445357,0.007136523
0.344958866,0.004,-0.01,1.042,23.315,5.127,3.296,-0.083,0.524,0.869,55.908,-13.855,17.09,-0.076,-1.187,0.95,48.462,-121.033,54.26,-0.01,0.238,0.826,48.035,-34.424,-11.169,0.227648488,0.708746814,0.341756055,-0.003084772,-0.277020105,-0.400790193
0.340765551,-0.038,0.004,1.048,21.79,9.949,1.526,-0.042,0.535,0.854,58.35,-24.78,20.264,-0.073,0.19,1.057,28.931,-93.75,17.212,0.097,0.324,1.339,17.7,-17.334,2.808,-0.258932051,-0.837965287,-0.431028006,0.043053441,0.246879206,0.052960867
0.340828115,-0.059,0.005,1.04,29.602,5.493,2.136,-0.004,0.51,0.917,57.922,-40.222,24.597,0.583,-0.149,1.462,210.876,-83.801,42.419,0.318,0.261,1.578,30.457,-31.677,2.197,0.266265975,0.649823345,0.137945101,-0.009675942,-0.214152064,0.10237941
0.34571028,-0.059,0.007,1.032,31.738,5.432,1.526,0.01,0.444,1.006,63.904,-39.063,25.818,-0.073,0.19,1.057,28.931,-93.75,17.212,0.398,0.303,1.438,32.837,-23.682,6.531,0.335778818,-0.779041818,-0.464997148,0.059531137,0.959381609,-0.076425821
0.341830659,-0.058,0.005,1.029,38.147,4.517,0.488,0.033,0.38,1.085,78.735,-29.541,28.015,0.583,-0.149,1.462,210.876,-83.801,42.419,0.318,0.261,1.578,30.457,-31.677,2.197,0.289436923,0.708746814,0.171913686,0.000210812,-0.486579555,-0.101584213
0.333816151,-0.082,0.018,1.061,40.344,11.963,0.183,0.07,0.393,0.964,91.125,-22.644,26.55,0.065,0.004,1.439,165.344,-15.259,50.476,0.398,0.303,1.438,32.837,-23.682,6.531,0.142689865,-0.837965287,-0.456504862,0.077657197,0.288791233,0.045772881
0.333816804,-0.04,-0.018,1.057,62.378,-5.737,0.061,0.087,0.411,0.902,83.252,-11.841,28.931,-0.294,1.072,1.363,134.277,-37.903,51.636,0.509,0.361,1.248,32.532,-39.246,7.996,0.567483234,0.576173836,0.401202054,0.011745386,-0.465623198,-0.125844364
0.318230926,-0.018,0.047,1.061,58.899,8.301,-4.211,0.112,0.507,0.786,86.853,-11.475,26.001,0.065,0.004,1.439,165.344,-15.259,50.476,-0.002,0.361,1.326,40.222,-40.222,-6.836,-0.722343414,-0.955812225,-0.388566579,0.067770255,0.781256008,0.055656472
0.322643163,-0.02,0.016,1.076,78.064,3.357,-7.019,0.113,0.518,0.772,85.876,-5.493,27.283,-0.294,1.072,1.363,134.277,-37.903,51.636,0.509,0.361,1.248,32.532,-39.246,7.996,-3.28E-01,0.649823345,0.282310057,-0.004732569,-0.643748798,-0.035992334
0.317184481,-0.034,0.024,1.087,85.999,11.047,-11.353,0.065,0.53,0.762,90.271,-8.606,24.475,-0.109,0.085,1.305,112.61,-2.563,26.062,-0.002,0.361,1.326,40.222,-40.222,-6.836,-0.019503682,-0.779041818,-0.354597437,0.04470121,0.225923535,-0.33340301
0.316711303,-0.039,0.011,1.081,101.379,7.08,-12.878,0.035,0.487,0.83,95.764,-1.587,24.658,-0.153,-0.173,1.133,44.678,12.756,10.986,-0.195,0.27,1.155,45.288,-48.218,-9.888,0.127243072,0.605630744,0.409694339,-0.016267129,-1,0.380022611
0.302834749,-0.121,-0.032,1.104,114.014,16.418,-14.221,0.054,0.507,0.792,102.539,-10.559,25.33,-0.109,0.085,1.305,112.61,-2.563,26.062,0.038,-0.054,1.042,48.279,-66.223,-5.066,0.019113855,-0.793772685,-0.346105152,0.043053441,-0.098894161,-0.046774459
0.292742304,-0.139,-0.063,1.095,141.296,8.24,-12.695,-0.091,0.515,0.833,106.079,-7.324,27.1,-0.153,-0.173,1.133,44.678,12.756,10.986,-0.195,0.27,1.155,45.288,-48.218,-9.888,0.698782741,0.561442969,0.316279199,-0.036040634,-0.13032801,0.176058104
0.274901821,-0.133,-0.049,1.091,162.354,6.226,-11.719,-0.252,0.547,0.793,115.112,1.16,28.748,-0.294,-0.093,0.887,49.5,4.272,14.526,0.038,-0.054,1.042,48.279,-66.223,-5.066,-0.544702012,-0.882157889,-0.414043435,0.033166661,0.886037793,0.114958606
0.242765591,-0.062,-0.053,1.102,194.763,2.808,-9.216,-0.294,0.613,0.757,119.69,-4.333,32.593,-0.435,-0.14,0.968,61.096,-10.498,21.362,-0.057,-0.12,1.011,47.546,-20.935,-12.695,0.065454891,0.546712101,0.681441908,-0.050870777,0.17353333,-0.609246196
0.219476282,0,-0.033,1.17,218.445,13.428,-7.507,-0.296,0.62,0.711,122.437,-20.874,37.659,-0.294,-0.093,0.887,49.5,4.272,14.526,-0.079,0.019,1.068,44.8,17.334,-18.616,0.15813691,-0.58754537,-1,0.010097563,0.561217693,0.743920463
0.191974133,0.115,-0.013,1.182,242.493,20.386,-13.428,-0.297,0.755,0.788,123.901,-28.503,39.307,-0.435,-0.14,0.968,61.096,-10.498,21.362,-0.057,-0.12,1.011,47.546,-20.935,-12.695,-0.073568265,0.590904703,0.341756055,-0.06240511,0.026841646,-0.069237541
0.164944883,0.178,0.003,1.208,274.414,32.104,-23.56,-0.175,0.931,0.844,113.037,-53.772,37.72,-0.207,-0.011,0.976,21.667,-22.217,23.254,-0.079,0.019,1.068,44.8,17.334,-18.616,-0.444297102,-0.837965287,-0.354597437,0.047996804,0.812690544,-0.249839842
0.140317102,0.183,0.029,1.219,292.175,47.729,-39.795,-0.254,0.96,0.907,108.704,-63.904,40.344,-0.017,0.158,1.029,104.187,-32.227,61.646,-0.159,0.11,1.097,40.894,31.311,-22.4,0.189031001,0.620361611,0.154929393,-0.001436981,-0.423710484,0.672938551
0.12719362,0.181,0.036,1.17,315.552,48.828,-53.101,-0.224,1.063,0.926,99.609,-66.162,37.476,-0.207,-0.011,0.976,21.667,-22.217,23.254,-0.397,0.084,1.152,31.25,25.696,-19.775,-0.328444894,-0.558083636,-0.575394076,0.087543598,0.550739515,0.004440948
0.099015452,0.103,0.06,1.144,350.708,61.951,-65.674,-0.036,1.083,0.866,74.036,-84.534,37.72,-0.017,0.158,1.029,104.187,-32.227,61.646,-0.159,0.11,1.097,40.894,31.311,-22.4,0.490246742,0.590904703,-0.031897547,-0.009675942,-0.738052405,-0.294764826
0.077118628,0.085,0.182,1.1,380.493,69.763,-71.533,0.121,0.926,0.73,72.571,-95.581,37.964,-0.204,-0.428,1.049,52.246,-32.837,52.063,-0.397,0.084,1.152,31.25,25.696,-19.775,-0.042674174,-0.675930574,-0.448012577,0.028223298,0.571695872,0.905653823
0.065520901,-0.024,0.456,1.064,398.132,77.942,-70.923,0.252,0.808,0.554,69.885,-101.318,37.964,-0.208,0.223,0.888,1.709,-47.668,37.354,-0.331,0.147,1.081,16.479,-22.705,-3.54,0.837805896,0.664554213,0.231358571,-0.047575183,-4.34E-01,-0.000950157
0.050630943,-0.068,0.812,1.032,379.211,92.834,-74.707,0.47,0.648,0.402,62.927,-109.497,40.466,-0.204,-0.428,1.049,52.246,-32.837,52.063,-0.131,0.106,1.175,3.906,-68.726,8.423,0.050007845,-0.130896691,-0.422535721,0.061178961,-0.182718215,0.013426151
0.044089012,-0.087,0.924,0.939,361.511,65.735,-80.627,0.544,0.522,0.272,56.213,-110.718,32.41,-0.208,0.223,0.888,1.709,-47.668,37.354,-0.331,0.147,1.081,16.479,-22.705,-3.54,-0.343892193,0.664554213,0.248342864,-0.009675942,-0.559926804,-0.347778982
0.034769694,-0.06,0.914,0.859,338.379,72.51,-74.28,0.441,0.354,0.144,49.927,-88.135,25.513,0.198,0.321,1.046,43.64,-46.997,38.513,-0.131,0.106,1.175,3.906,-68.726,8.423,-0.475191699,-0.852696154,-0.414043435,0.12049953,0.77077783,-0.193233019
0.029168945,-0.094,0.936,0.891,333.862,61.646,-66.223,0.366,0.241,0.123,43.701,-62.195,13.367,0.124,-0.037,1.168,38.879,-24.048,25.33,0.076,0.101,1.198,1.77,-85.205,10.376,-0.158526889,0.414135261,0.596519053,0.024927705,-0.486579555,-0.076425821
0.023195725,-0.009,0.932,0.945,300.964,46.509,-64.758,0.341,0.171,0.09,34.485,-56.702,4.517,0.198,0.321,1.046,43.64,-46.997,38.513,0.247,0.104,1.188,10.925,-73.303,7.324,-0.112185752,-0.705392308,-0.19324791,0.054588206,0.309747247,0.247040899
0,0,0,0,0,0,0,0,0,0,0,0,0,0,0,0,0,0,0,0,0,0,0,0,0,0,0,0,0,0,0
0,0,0,0,0,0,0,0,0,0,0,0,0,0,0,0,0,0,0,0,0,0,0,0,0,0,0,0,0,0,0
0,0,0,0,0,0,0,0,0,0,0,0,0,0,0,0,0,0,0,0,0,0,0,0,0,0,0,0,0,0,0
0,0,0,0,0,0,0,0,0,0,0,0,0,0,0,0,0,0,0,0,0,0,0,0,0,0,0,0,0,0,0
0,0,0,0,0,0,0,0,0,0,0,0,0,0,0,0,0,0,0,0,0,0,0,0,0,0,0,0,0,0,0
0,0,0,0,0,0,0,0,0,0,0,0,0,0,0,0,0,0,0,0,0,0,0,0,0,0,0,0,0,0,0
0,0,0,0,0,0,0,0,0,0,0,0,0,0,0,0,0,0,0,0,0,0,0,0,0,0,0,0,0,0,0
0,0,0,0,0,0,0,0,0,0,0,0,0,0,0,0,0,0,0,0,0,0,0,0,0,0,0,0,0,0,0
0,0,0,0,0,0,0,0,0,0,0,0,0,0,0,0,0,0,0,0,0,0,0,0,0,0,0,0,0,0,0
0,0,0,0,0,0,0,0,0,0,0,0,0,0,0,0,0,0,0,0,0,0,0,0,0,0,0,0,0,0,0
0,0,0,0,0,0,0,0,0,0,0,0,0,0,0,0,0,0,0,0,0,0,0,0,0,0,0,0,0,0,0
0,0,0,0,0,0,0,0,0,0,0,0,0,0,0,0,0,0,0,0,0,0,0,0,0,0,0,0,0,0,0
0,0,0,0,0,0,0,0,0,0,0,0,0,0,0,0,0,0,0,0,0,0,0,0,0,0,0,0,0,0,0
0,0,0,0,0,0,0,0,0,0,0,0,0,0,0,0,0,0,0,0,0,0,0,0,0,0,0,0,0,0,0
0,0,0,0,0,0,0,0,0,0,0,0,0,0,0,0,0,0,0,0,0,0,0,0,0,0,0,0,0,0,0
0,0,0,0,0,0,0,0,0,0,0,0,0,0,0,0,0,0,0,0,0,0,0,0,0,0,0,0,0,0,0
0,0,0,0,0,0,0,0,0,0,0,0,0,0,0,0,0,0,0,0,0,0,0,0,0,0,0,0,0,0,0
0,0,0,0,0,0,0,0,0,0,0,0,0,0,0,0,0,0,0,0,0,0,0,0,0,0,0,0,0,0,0
0,0,0,0,0,0,0,0,0,0,0,0,0,0,0,0,0,0,0,0,0,0,0,0,0,0,0,0,0,0,0
0,0,0,0,0,0,0,0,0,0,0,0,0,0,0,0,0,0,0,0,0,0,0,0,0,0,0,0,0,0,0
0,0,0,0,0,0,0,0,0,0,0,0,0,0,0,0,0,0,0,0,0,0,0,0,0,0,0,0,0,0,0
0,0,0,0,0,0,0,0,0,0,0,0,0,0,0,0,0,0,0,0,0,0,0,0,0,0,0,0,0,0,0
